<?xml version="1.0" encoding="UTF-8"?>
<metadata xml:lang="es"><Esri><CreaDate>20210721</CreaDate><CreaTime>01490100</CreaTime><ArcGISFormat>1.0</ArcGISFormat><ArcGISstyle>FGDC CSDGM Metadata</ArcGISstyle><SyncOnce>FALSE</SyncOnce><DataProperties><lineage><Process ToolSource="c:\program files (x86)\arcgis\desktop10.8\ArcToolbox\Toolboxes\3D Analyst Tools.tbx\Contour" Date="20210721" Time="014901">Contour C:\Memoria_CPerez\03_BBDD\APP_02\RESULTADOS\DEM\CL106000056.tif C:\Memoria_CPerez\03_BBDD\APP_02\RESULTADOS\SHP\AABR\CL106000056AABR.shp 100000 3765 1 CONTOUR #</Process><Process Name="Dissolve" ToolSource="c:\program files (x86)\arcgis\desktop10.8\ArcToolbox\Toolboxes\Data Management Tools.tbx\Dissolve" Date="20210726" Time="183325">Dissolve C:\Memoria_CPerez\03_BBDD\APP_02\RESULTADOS\SHP\AABR_SEl\CL106000056AABR.shp C:\Memoria_CPerez\03_BBDD\APP_02\TEST\OUTPUT\03_AABR_AA_Diss\CL106000056AABR.shp Contour # MULTI_PART DISSOLVE_LINES</Process><Process Name="Spatial Join" ToolSource="c:\program files (x86)\arcgis\desktop10.8\ArcToolbox\Toolboxes\Analysis Tools.tbx\SpatialJoin" Date="20210726" Time="183325">SpatialJoin C:\Memoria_CPerez\03_BBDD\APP_02\TEST\OUTPUT\03_AABR_AA_Diss\CL106000056AABR.shp ING_v2 C:\Memoria_CPerez\03_BBDD\APP_02\TEST\OUTPUT\05_AABR_AA_Table\CL106000056AABR.shp JOIN_ONE_TO_ONE KEEP_ALL "Contour "Contour" true true false 19 Double 0 0 ,First,#,C:\Memoria_CPerez\03_BBDD\APP_02\TEST\OUTPUT\03_AABR_AA_Diss\CL106000056AABR.shp,Contour,-1,-1;NOMBRE "NOMBRE" true true false 30 Text 0 0 ,First,#,ING_v2,NOMBRE,-1,-1;COD_GLA "COD_GLA" true true false 15 Text 0 0 ,First,#,ING_v2,COD_GLA,-1,-1;COD_BNA "COD_BNA" true true false 15 Text 0 0 ,First,#,ING_v2,COD_BNA,-1,-1;CLAS_WGI "CLAS_WGI" true true false 10 Text 0 0 ,First,#,ING_v2,CLAS_WGI,-1,-1;CLASIFICA "CLASIFICA" true true false 30 Text 0 0 ,First,#,ING_v2,CLASIFICA,-1,-1;ZONA_GLACI "ZONA_GLACI" true true false 20 Text 0 0 ,First,#,ING_v2,ZONA_GLACI,-1,-1;ESTE "ESTE" true true false 19 Double 0 19 ,First,#,ING_v2,ESTE,-1,-1;NORTE "NORTE" true true false 19 Double 0 19 ,First,#,ING_v2,NORTE,-1,-1;LATITUD "LATITUD" true true false 19 Double 15 18 ,First,#,ING_v2,LATITUD,-1,-1;LONGITUD "LONGITUD" true true false 19 Double 15 18 ,First,#,ING_v2,LONGITUD,-1,-1;COD_REGION "COD_REGION" true true false 2 Text 0 0 ,First,#,ING_v2,COD_REGION,-1,-1;REGION "REGION" true true false 50 Text 0 0 ,First,#,ING_v2,REGION,-1,-1;COD_PROVIN "COD_PROVIN" true true false 10 Text 0 0 ,First,#,ING_v2,COD_PROVIN,-1,-1;PROVINCIA "PROVINCIA" true true false 25 Text 0 0 ,First,#,ING_v2,PROVINCIA,-1,-1;COD_COM "COD_COM" true true false 10 Text 0 0 ,First,#,ING_v2,COD_COM,-1,-1;COMUNA "COMUNA" true true false 30 Text 0 0 ,First,#,ING_v2,COMUNA,-1,-1;COD_CUEN "COD_CUEN" true true false 3 Text 0 0 ,First,#,ING_v2,COD_CUEN,-1,-1;NOMB_CUEN "NOMB_CUEN" true true false 100 Text 0 0 ,First,#,ING_v2,NOMB_CUEN,-1,-1;COD_SCUEN "COD_SCUEN" true true false 4 Text 0 0 ,First,#,ING_v2,COD_SCUEN,-1,-1;NOMB_SCUEN "NOMB_SCUEN" true true false 70 Text 0 0 ,First,#,ING_v2,NOMB_SCUEN,-1,-1;COD_SSCUEN "COD_SSCUEN" true true false 5 Text 0 0 ,First,#,ING_v2,COD_SSCUEN,-1,-1;NOMB_SSCUE "NOMB_SSCUE" true true false 70 Text 0 0 ,First,#,ING_v2,NOMB_SSCUE,-1,-1;N_CUENDRE "N_CUENDRE" true true false 20 Text 0 0 ,First,#,ING_v2,N_CUENDRE,-1,-1;AREA_Km2 "AREA_Km2" true true false 19 Double 15 18 ,First,#,ING_v2,AREA_Km2,-1,-1;AREA_CUB2 "AREA_CUB2" true true false 20 Text 0 0 ,First,#,ING_v2,AREA_CUB2,-1,-1;PERIMET "PERIMET" true true false 19 Double 15 18 ,First,#,ING_v2,PERIMET,-1,-1;VOLU_M3 "VOLU_M3" true true false 20 Text 0 0 ,First,#,ING_v2,VOLU_M3,-1,-1;LMAXTOTAL "LMAXTOTAL" true true false 20 Text 0 0 ,First,#,ING_v2,LMAXTOTAL,-1,-1;LARGO_PROM "LARGO_PROM" true true false 20 Text 0 0 ,First,#,ING_v2,LARGO_PROM,-1,-1;ANCHO_PROM "ANCHO_PROM" true true false 20 Text 0 0 ,First,#,ING_v2,ANCHO_PROM,-1,-1;ESP_MED "ESP_MED" true true false 19 Double 15 18 ,First,#,ING_v2,ESP_MED,-1,-1;HMAX "HMAX" true true false 19 Double 15 18 ,First,#,ING_v2,HMAX,-1,-1;HMEDIA "HMEDIA" true true false 19 Double 15 18 ,First,#,ING_v2,HMEDIA,-1,-1;HMINTOTAL "HMINTOTAL" true true false 19 Double 15 18 ,First,#,ING_v2,HMINTOTAL,-1,-1;HMEDIANA "HMEDIANA" true true false 19 Double 15 18 ,First,#,ING_v2,HMEDIANA,-1,-1;ORIENTA "ORIENTA" true true false 6 Text 0 0 ,First,#,ING_v2,ORIENTA,-1,-1;PENDIENTE "PENDIENTE" true true false 19 Double 15 18 ,First,#,ING_v2,PENDIENTE,-1,-1;AREA_ACUM "AREA_ACUM" true true false 20 Text 0 0 ,First,#,ING_v2,AREA_ACUM,-1,-1;L_MAX_ACUM "L_MAX_ACUM" true true false 20 Text 0 0 ,First,#,ING_v2,L_MAX_ACUM,-1,-1;ORIENACUM "ORIENACUM" true true false 20 Text 0 0 ,First,#,ING_v2,ORIENACUM,-1,-1;AREA_ABLAC "AREA_ABLAC" true true false 20 Text 0 0 ,First,#,ING_v2,AREA_ABLAC,-1,-1;LMAXABLAC "LMAXABLAC" true true false 20 Text 0 0 ,First,#,ING_v2,LMAXABLAC,-1,-1;HMEDABLAC "HMEDABLAC" true true false 24 Text 0 0 ,First,#,ING_v2,HMEDABLAC,-1,-1;ORIENABLAC "ORIENABLAC" true true false 20 Text 0 0 ,First,#,ING_v2,ORIENABLAC,-1,-1;AREA_EXP "AREA_EXP" true true false 20 Text 0 0 ,First,#,ING_v2,AREA_EXP,-1,-1;L_MAX_EXP "L_MAX_EXP" true true false 20 Text 0 0 ,First,#,ING_v2,L_MAX_EXP,-1,-1;HMINEXP "HMINEXP" true true false 20 Text 0 0 ,First,#,ING_v2,HMINEXP,-1,-1;INVENT_FEC "INVENT_FEC" true true false 4 Text 0 0 ,First,#,ING_v2,INVENT_FEC,-1,-1;FUENTE_DIG "FUENTE_DIG" true true false 25 Text 0 0 ,First,#,ING_v2,FUENTE_DIG,-1,-1;FUENTE_FEC "FUENTE_FEC" true true false 20 Text 0 0 ,First,#,ING_v2,FUENTE_FEC,-1,-1;DATUM "DATUM" true true false 10 Text 0 0 ,First,#,ING_v2,DATUM,-1,-1;HUSO "HUSO" true true false 5 Text 0 0 ,First,#,ING_v2,HUSO,-1,-1;PRECM "PRECM" true true false 3 Text 0 0 ,First,#,ING_v2,PRECM,-1,-1;ERROR_KM2 "ERROR_KM2" true true false 19 Double 15 18 ,First,#,ING_v2,ERROR_KM2,-1,-1;ERROR_PORC "ERROR_PORC" true true false 19 Double 15 18 ,First,#,ING_v2,ERROR_PORC,-1,-1" HAVE_THEIR_CENTER_IN # #</Process><Process Name="Add Field ALT_ELA" ToolSource="c:\program files (x86)\arcgis\desktop10.8\ArcToolbox\Toolboxes\Data Management Tools.tbx\AddField" Date="20210726" Time="183347">AddField C:\Memoria_CPerez\03_BBDD\APP_02\TEST\OUTPUT\05_AABR_AA_Table\CL106000056AABR.shp ALT_ELA TEXT # # 10 # NULLABLE NON_REQUIRED #</Process><Process Name="Calculate Field" ToolSource="c:\program files (x86)\arcgis\desktop10.8\ArcToolbox\Toolboxes\Data Management Tools.tbx\CalculateField" Date="20210726" Time="183347">CalculateField C:\Memoria_CPerez\03_BBDD\APP_02\TEST\OUTPUT\05_AABR_AA_Table\CL106000056AABR.shp ALT_ELA [Contour] VB #</Process><Process Name="Delete Field" ToolSource="c:\program files (x86)\arcgis\desktop10.8\ArcToolbox\Toolboxes\Data Management Tools.tbx\DeleteField" Date="20210726" Time="183347">DeleteField C:\Memoria_CPerez\03_BBDD\APP_02\TEST\OUTPUT\05_AABR_AA_Table\CL106000056AABR.shp Join_Count;TARGET_FID;Contour;ESTE;NORTE;LATITUD;LONGITUD;N_CUENDRE;AREA_Km2;AREA_CUB2;PERIMET;VOLU_M3;LMAXTOTAL;LARGO_PROM;ANCHO_PROM;ESP_MED;HMAX;HMEDIA;HMINTOTAL;HMEDIANA;ORIENTA;PENDIENTE;AREA_ACUM;L_MAX_ACUM;ORIENACUM;AREA_ABLAC;LMAXABLAC;HMEDABLAC;ORIENABLAC;AREA_EXP;L_MAX_EXP;HMINEXP;INVENT_FEC;FUENTE_DIG;FUENTE_FEC;DATUM;HUSO;PRECM;ERROR_KM2;ERROR_PORC;Id</Process><Process Name="Add Field MET_ELA" ToolSource="c:\program files (x86)\arcgis\desktop10.8\ArcToolbox\Toolboxes\Data Management Tools.tbx\AddField" Date="20210726" Time="183347">AddField C:\Memoria_CPerez\03_BBDD\APP_02\TEST\OUTPUT\05_AABR_AA_Table\CL106000056AABR.shp MET_ELA TEXT # # 70 # NULLABLE NON_REQUIRED #</Process><Process Name="Add Field COD_ELA" ToolSource="c:\program files (x86)\arcgis\desktop10.8\ArcToolbox\Toolboxes\Data Management Tools.tbx\AddField" Date="20210726" Time="183347">AddField C:\Memoria_CPerez\03_BBDD\APP_02\TEST\OUTPUT\05_AABR_AA_Table\CL106000056AABR.shp COD_ELA TEXT # # 10 # NULLABLE NON_REQUIRED #</Process><Process Name="Add Field INTERVAL" ToolSource="c:\program files (x86)\arcgis\desktop10.8\ArcToolbox\Toolboxes\Data Management Tools.tbx\AddField" Date="20210726" Time="183347">AddField C:\Memoria_CPerez\03_BBDD\APP_02\TEST\OUTPUT\05_AABR_AA_Table\CL106000056AABR.shp INTERVAL TEXT # # 5 # NULLABLE NON_REQUIRED #</Process><Process Name="Calculate Field (2)" ToolSource="c:\program files (x86)\arcgis\desktop10.8\ArcToolbox\Toolboxes\Data Management Tools.tbx\CalculateField" Date="20210726" Time="183347">CalculateField C:\Memoria_CPerez\03_BBDD\APP_02\TEST\OUTPUT\05_AABR_AA_Table\CL106000056AABR.shp INTERVAL "12" VB #</Process><Process Name="Add Field REL_BAL" ToolSource="c:\program files (x86)\arcgis\desktop10.8\ArcToolbox\Toolboxes\Data Management Tools.tbx\AddField" Date="20210726" Time="183347">AddField C:\Memoria_CPerez\03_BBDD\APP_02\TEST\OUTPUT\05_AABR_AA_Table\CL106000056AABR.shp REL_BAL TEXT # # 10 # NULLABLE NON_REQUIRED #</Process><Process Name="Calculate Field (3)" ToolSource="c:\program files (x86)\arcgis\desktop10.8\ArcToolbox\Toolboxes\Data Management Tools.tbx\CalculateField" Date="20210726" Time="183347">CalculateField C:\Memoria_CPerez\03_BBDD\APP_02\TEST\OUTPUT\05_AABR_AA_Table\CL106000056AABR.shp REL_BAL "1.75" VB #</Process><Process Name="Add Geometry Attributes" ToolSource="c:\program files (x86)\arcgis\desktop10.8\ArcToolbox\Toolboxes\Data Management Tools.tbx\AddGeometryAttributes" Date="20210726" Time="183348">AddGeometryAttributes C:\Memoria_CPerez\03_BBDD\APP_02\TEST\OUTPUT\05_AABR_AA_Table\CL106000056AABR.shp LENGTH;LINE_START_MID_END;CENTROID;CENTROID_INSIDE;PART_COUNT;POINT_COUNT;EXTENT METERS # #</Process><Process Name="Calculate Field" ToolSource="c:\program files (x86)\arcgis\desktop10.8\ArcToolbox\Toolboxes\Data Management Tools.tbx\CalculateField" Date="20210728" Time="074724">CalculateField C:\Memoria_CPerez\03_BBDD\APP_02\TEST\OUTPUT\07_AABR\CL106000056AABR.shp MET_ELA "Area Altitude Balance Ratio" VB #</Process><Process Name="Calculate Field (2)" ToolSource="c:\program files (x86)\arcgis\desktop10.8\ArcToolbox\Toolboxes\Data Management Tools.tbx\CalculateField" Date="20210728" Time="074724">CalculateField C:\Memoria_CPerez\03_BBDD\APP_02\TEST\OUTPUT\07_AABR\CL106000056AABR.shp COD_ELA "AABR" VB #</Process></lineage><itemProps><itemName Sync="TRUE">CL106000056AABR</itemName><imsContentType Sync="TRUE">002</imsContentType><itemSize Sync="TRUE">0.000</itemSize><itemLocation><linkage Sync="TRUE">file://\\CARLOS-LAPTOP\C$\Memoria_CPerez\03_BBDD\APP_02\TEST\OUTPUT\05_AABR_AA_Table\CL106000056AABR.shp</linkage><protocol Sync="TRUE">Local Area Network</protocol></itemLocation></itemProps><coordRef><type Sync="TRUE">Projected</type><geogcsn Sync="TRUE">GCS_WGS_1984</geogcsn><csUnits Sync="TRUE">Linear Unit: Meter (1.000000)</csUnits><projcsn Sync="TRUE">WGS_1984_UTM_Zone_19S</projcsn><peXml Sync="TRUE">&lt;ProjectedCoordinateSystem xsi:type='typens:ProjectedCoordinateSystem' xmlns:xsi='http://www.w3.org/2001/XMLSchema-instance' xmlns:xs='http://www.w3.org/2001/XMLSchema' xmlns:typens='http://www.esri.com/schemas/ArcGIS/10.7'&gt;&lt;WKT&gt;PROJCS[&amp;quot;WGS_1984_UTM_Zone_19S&amp;quot;,GEOGCS[&amp;quot;GCS_WGS_1984&amp;quot;,DATUM[&amp;quot;D_WGS_1984&amp;quot;,SPHEROID[&amp;quot;WGS_1984&amp;quot;,6378137.0,298.257223563]],PRIMEM[&amp;quot;Greenwich&amp;quot;,0.0],UNIT[&amp;quot;Degree&amp;quot;,0.0174532925199433]],PROJECTION[&amp;quot;Transverse_Mercator&amp;quot;],PARAMETER[&amp;quot;False_Easting&amp;quot;,500000.0],PARAMETER[&amp;quot;False_Northing&amp;quot;,10000000.0],PARAMETER[&amp;quot;Central_Meridian&amp;quot;,-69.0],PARAMETER[&amp;quot;Scale_Factor&amp;quot;,0.9996],PARAMETER[&amp;quot;Latitude_Of_Origin&amp;quot;,0.0],UNIT[&amp;quot;Meter&amp;quot;,1.0],AUTHORITY[&amp;quot;EPSG&amp;quot;,32719]]&lt;/WKT&gt;&lt;XOrigin&gt;-5120900&lt;/XOrigin&gt;&lt;YOrigin&gt;1900&lt;/YOrigin&gt;&lt;XYScale&gt;450445547.3910538&lt;/XYScale&gt;&lt;ZOrigin&gt;-100000&lt;/ZOrigin&gt;&lt;ZScale&gt;10000&lt;/ZScale&gt;&lt;MOrigin&gt;-100000&lt;/MOrigin&gt;&lt;MScale&gt;10000&lt;/MScale&gt;&lt;XYTolerance&gt;0.001&lt;/XYTolerance&gt;&lt;ZTolerance&gt;0.001&lt;/ZTolerance&gt;&lt;MTolerance&gt;0.001&lt;/MTolerance&gt;&lt;HighPrecision&gt;true&lt;/HighPrecision&gt;&lt;WKID&gt;32719&lt;/WKID&gt;&lt;LatestWKID&gt;32719&lt;/LatestWKID&gt;&lt;/ProjectedCoordinateSystem&gt;</peXml></coordRef></DataProperties><SyncDate>20210726</SyncDate><SyncTime>18332500</SyncTime><ModDate>20210726</ModDate><ModTime>18332500</ModTime></Esri><contour_type>CONTOUR</contour_type><dataIdInfo><envirDesc Sync="TRUE"> Version 6.2 (Build 9200) ; Esri ArcGIS 10.8.0.12790</envirDesc><dataLang><languageCode value="spa" Sync="TRUE"></languageCode><countryCode value="MEX" Sync="TRUE"></countryCode></dataLang><idCitation><resTitle Sync="TRUE">CL106000056AABR</resTitle><presForm><PresFormCd value="005" Sync="TRUE"></PresFormCd></presForm></idCitation><spatRpType><SpatRepTypCd value="001" Sync="TRUE"></SpatRepTypCd></spatRpType></dataIdInfo><mdLang><languageCode value="spa" Sync="TRUE"></languageCode><countryCode value="MEX" Sync="TRUE"></countryCode></mdLang><mdChar><CharSetCd value="004" Sync="TRUE"></CharSetCd></mdChar><distInfo><distFormat><formatName Sync="TRUE">Shapefile</formatName></distFormat><distTranOps><transSize Sync="TRUE">0.000</transSize></distTranOps></distInfo><mdHrLv><ScopeCd value="005" Sync="TRUE"></ScopeCd></mdHrLv><mdHrLvName Sync="TRUE">dataset</mdHrLvName><refSysInfo><RefSystem><refSysID><identCode code="32719" Sync="TRUE"></identCode><idCodeSpace Sync="TRUE">EPSG</idCodeSpace><idVersion Sync="TRUE">2.1(3.0.1)</idVersion></refSysID></RefSystem></refSysInfo><spatRepInfo><VectSpatRep><geometObjs Name="CL106000056AABR"><geoObjTyp><GeoObjTypCd value="002" Sync="TRUE"></GeoObjTypCd></geoObjTyp><geoObjCnt Sync="TRUE">0</geoObjCnt></geometObjs><topLvl><TopoLevCd value="001" Sync="TRUE"></TopoLevCd></topLvl></VectSpatRep></spatRepInfo><spdoinfo><ptvctinf><esriterm Name="CL106000056AABR"><efeatyp Sync="TRUE">Simple</efeatyp><efeageom code="3" Sync="TRUE"></efeageom><esritopo Sync="TRUE">FALSE</esritopo><efeacnt Sync="TRUE">0</efeacnt><spindex Sync="TRUE">FALSE</spindex><linrefer Sync="TRUE">FALSE</linrefer></esriterm></ptvctinf></spdoinfo><eainfo><detailed Name="CL106000056AABR"><enttyp><enttypl Sync="TRUE">CL106000056AABR</enttypl><enttypt Sync="TRUE">Feature Class</enttypt><enttypc Sync="TRUE">0</enttypc></enttyp><attr><attrlabl Sync="TRUE">FID</attrlabl><attalias Sync="TRUE">FID</attalias><attrtype Sync="TRUE">OID</attrtype><attwidth Sync="TRUE">4</attwidth><atprecis Sync="TRUE">0</atprecis><attscale Sync="TRUE">0</attscale><attrdef Sync="TRUE">Internal feature number.</attrdef><attrdefs Sync="TRUE">Esri</attrdefs><attrdomv><udom Sync="TRUE">Sequential unique whole numbers that are automatically generated.</udom></attrdomv></attr><attr><attrlabl Sync="TRUE">Shape</attrlabl><attalias Sync="TRUE">Shape</attalias><attrtype Sync="TRUE">Geometry</attrtype><attwidth Sync="TRUE">0</attwidth><atprecis Sync="TRUE">0</atprecis><attscale Sync="TRUE">0</attscale><attrdef Sync="TRUE">Feature geometry.</attrdef><attrdefs Sync="TRUE">Esri</attrdefs><attrdomv><udom Sync="TRUE">Coordinates defining the features.</udom></attrdomv></attr><attr><attrlabl Sync="TRUE">Join_Count</attrlabl><attalias Sync="TRUE">Join_Count</attalias><attrtype Sync="TRUE">Integer</attrtype><attwidth Sync="TRUE">10</attwidth><atprecis Sync="TRUE">10</atprecis><attscale Sync="TRUE">0</attscale></attr><attr><attrlabl Sync="TRUE">TARGET_FID</attrlabl><attalias Sync="TRUE">TARGET_FID</attalias><attrtype Sync="TRUE">Integer</attrtype><attwidth Sync="TRUE">10</attwidth><atprecis Sync="TRUE">10</atprecis><attscale Sync="TRUE">0</attscale></attr><attr><attrlabl Sync="TRUE">Contour</attrlabl><attalias Sync="TRUE">Contour</attalias><attrtype Sync="TRUE">Double</attrtype><attwidth Sync="TRUE">19</attwidth><atprecis Sync="TRUE">0</atprecis><attscale Sync="TRUE">0</attscale></attr><attr><attrlabl Sync="TRUE">NOMBRE</attrlabl><attalias Sync="TRUE">NOMBRE</attalias><attrtype Sync="TRUE">String</attrtype><attwidth Sync="TRUE">30</attwidth><atprecis Sync="TRUE">0</atprecis><attscale Sync="TRUE">0</attscale></attr><attr><attrlabl Sync="TRUE">COD_GLA</attrlabl><attalias Sync="TRUE">COD_GLA</attalias><attrtype Sync="TRUE">String</attrtype><attwidth Sync="TRUE">15</attwidth><atprecis Sync="TRUE">0</atprecis><attscale Sync="TRUE">0</attscale></attr><attr><attrlabl Sync="TRUE">COD_BNA</attrlabl><attalias Sync="TRUE">COD_BNA</attalias><attrtype Sync="TRUE">String</attrtype><attwidth Sync="TRUE">15</attwidth><atprecis Sync="TRUE">0</atprecis><attscale Sync="TRUE">0</attscale></attr><attr><attrlabl Sync="TRUE">CLAS_WGI</attrlabl><attalias Sync="TRUE">CLAS_WGI</attalias><attrtype Sync="TRUE">String</attrtype><attwidth Sync="TRUE">10</attwidth><atprecis Sync="TRUE">0</atprecis><attscale Sync="TRUE">0</attscale></attr><attr><attrlabl Sync="TRUE">CLASIFICA</attrlabl><attalias Sync="TRUE">CLASIFICA</attalias><attrtype Sync="TRUE">String</attrtype><attwidth Sync="TRUE">30</attwidth><atprecis Sync="TRUE">0</atprecis><attscale Sync="TRUE">0</attscale></attr><attr><attrlabl Sync="TRUE">ZONA_GLACI</attrlabl><attalias Sync="TRUE">ZONA_GLACI</attalias><attrtype Sync="TRUE">String</attrtype><attwidth Sync="TRUE">20</attwidth><atprecis Sync="TRUE">0</atprecis><attscale Sync="TRUE">0</attscale></attr><attr><attrlabl Sync="TRUE">ESTE</attrlabl><attalias Sync="TRUE">ESTE</attalias><attrtype Sync="TRUE">Double</attrtype><attwidth Sync="TRUE">19</attwidth><atprecis Sync="TRUE">19</atprecis><attscale Sync="TRUE">0</attscale></attr><attr><attrlabl Sync="TRUE">NORTE</attrlabl><attalias Sync="TRUE">NORTE</attalias><attrtype Sync="TRUE">Double</attrtype><attwidth Sync="TRUE">19</attwidth><atprecis Sync="TRUE">19</atprecis><attscale Sync="TRUE">0</attscale></attr><attr><attrlabl Sync="TRUE">LATITUD</attrlabl><attalias Sync="TRUE">LATITUD</attalias><attrtype Sync="TRUE">Double</attrtype><attwidth Sync="TRUE">19</attwidth><atprecis Sync="TRUE">18</atprecis><attscale Sync="TRUE">15</attscale></attr><attr><attrlabl Sync="TRUE">LONGITUD</attrlabl><attalias Sync="TRUE">LONGITUD</attalias><attrtype Sync="TRUE">Double</attrtype><attwidth Sync="TRUE">19</attwidth><atprecis Sync="TRUE">18</atprecis><attscale Sync="TRUE">15</attscale></attr><attr><attrlabl Sync="TRUE">COD_REGION</attrlabl><attalias Sync="TRUE">COD_REGION</attalias><attrtype Sync="TRUE">String</attrtype><attwidth Sync="TRUE">2</attwidth><atprecis Sync="TRUE">0</atprecis><attscale Sync="TRUE">0</attscale></attr><attr><attrlabl Sync="TRUE">REGION</attrlabl><attalias Sync="TRUE">REGION</attalias><attrtype Sync="TRUE">String</attrtype><attwidth Sync="TRUE">50</attwidth><atprecis Sync="TRUE">0</atprecis><attscale Sync="TRUE">0</attscale></attr><attr><attrlabl Sync="TRUE">COD_PROVIN</attrlabl><attalias Sync="TRUE">COD_PROVIN</attalias><attrtype Sync="TRUE">String</attrtype><attwidth Sync="TRUE">10</attwidth><atprecis Sync="TRUE">0</atprecis><attscale Sync="TRUE">0</attscale></attr><attr><attrlabl Sync="TRUE">PROVINCIA</attrlabl><attalias Sync="TRUE">PROVINCIA</attalias><attrtype Sync="TRUE">String</attrtype><attwidth Sync="TRUE">25</attwidth><atprecis Sync="TRUE">0</atprecis><attscale Sync="TRUE">0</attscale></attr><attr><attrlabl Sync="TRUE">COD_COM</attrlabl><attalias Sync="TRUE">COD_COM</attalias><attrtype Sync="TRUE">String</attrtype><attwidth Sync="TRUE">10</attwidth><atprecis Sync="TRUE">0</atprecis><attscale Sync="TRUE">0</attscale></attr><attr><attrlabl Sync="TRUE">COMUNA</attrlabl><attalias Sync="TRUE">COMUNA</attalias><attrtype Sync="TRUE">String</attrtype><attwidth Sync="TRUE">30</attwidth><atprecis Sync="TRUE">0</atprecis><attscale Sync="TRUE">0</attscale></attr><attr><attrlabl Sync="TRUE">COD_CUEN</attrlabl><attalias Sync="TRUE">COD_CUEN</attalias><attrtype Sync="TRUE">String</attrtype><attwidth Sync="TRUE">3</attwidth><atprecis Sync="TRUE">0</atprecis><attscale Sync="TRUE">0</attscale></attr><attr><attrlabl Sync="TRUE">NOMB_CUEN</attrlabl><attalias Sync="TRUE">NOMB_CUEN</attalias><attrtype Sync="TRUE">String</attrtype><attwidth Sync="TRUE">100</attwidth><atprecis Sync="TRUE">0</atprecis><attscale Sync="TRUE">0</attscale></attr><attr><attrlabl Sync="TRUE">COD_SCUEN</attrlabl><attalias Sync="TRUE">COD_SCUEN</attalias><attrtype Sync="TRUE">String</attrtype><attwidth Sync="TRUE">4</attwidth><atprecis Sync="TRUE">0</atprecis><attscale Sync="TRUE">0</attscale></attr><attr><attrlabl Sync="TRUE">NOMB_SCUEN</attrlabl><attalias Sync="TRUE">NOMB_SCUEN</attalias><attrtype Sync="TRUE">String</attrtype><attwidth Sync="TRUE">70</attwidth><atprecis Sync="TRUE">0</atprecis><attscale Sync="TRUE">0</attscale></attr><attr><attrlabl Sync="TRUE">COD_SSCUEN</attrlabl><attalias Sync="TRUE">COD_SSCUEN</attalias><attrtype Sync="TRUE">String</attrtype><attwidth Sync="TRUE">5</attwidth><atprecis Sync="TRUE">0</atprecis><attscale Sync="TRUE">0</attscale></attr><attr><attrlabl Sync="TRUE">NOMB_SSCUE</attrlabl><attalias Sync="TRUE">NOMB_SSCUE</attalias><attrtype Sync="TRUE">String</attrtype><attwidth Sync="TRUE">70</attwidth><atprecis Sync="TRUE">0</atprecis><attscale Sync="TRUE">0</attscale></attr><attr><attrlabl Sync="TRUE">N_CUENDRE</attrlabl><attalias Sync="TRUE">N_CUENDRE</attalias><attrtype Sync="TRUE">String</attrtype><attwidth Sync="TRUE">20</attwidth><atprecis Sync="TRUE">0</atprecis><attscale Sync="TRUE">0</attscale></attr><attr><attrlabl Sync="TRUE">AREA_Km2</attrlabl><attalias Sync="TRUE">AREA_Km2</attalias><attrtype Sync="TRUE">Double</attrtype><attwidth Sync="TRUE">19</attwidth><atprecis Sync="TRUE">18</atprecis><attscale Sync="TRUE">15</attscale></attr><attr><attrlabl Sync="TRUE">AREA_CUB2</attrlabl><attalias Sync="TRUE">AREA_CUB2</attalias><attrtype Sync="TRUE">String</attrtype><attwidth Sync="TRUE">20</attwidth><atprecis Sync="TRUE">0</atprecis><attscale Sync="TRUE">0</attscale></attr><attr><attrlabl Sync="TRUE">PERIMET</attrlabl><attalias Sync="TRUE">PERIMET</attalias><attrtype Sync="TRUE">Double</attrtype><attwidth Sync="TRUE">19</attwidth><atprecis Sync="TRUE">18</atprecis><attscale Sync="TRUE">15</attscale></attr><attr><attrlabl Sync="TRUE">VOLU_M3</attrlabl><attalias Sync="TRUE">VOLU_M3</attalias><attrtype Sync="TRUE">String</attrtype><attwidth Sync="TRUE">20</attwidth><atprecis Sync="TRUE">0</atprecis><attscale Sync="TRUE">0</attscale></attr><attr><attrlabl Sync="TRUE">LMAXTOTAL</attrlabl><attalias Sync="TRUE">LMAXTOTAL</attalias><attrtype Sync="TRUE">String</attrtype><attwidth Sync="TRUE">20</attwidth><atprecis Sync="TRUE">0</atprecis><attscale Sync="TRUE">0</attscale></attr><attr><attrlabl Sync="TRUE">LARGO_PROM</attrlabl><attalias Sync="TRUE">LARGO_PROM</attalias><attrtype Sync="TRUE">String</attrtype><attwidth Sync="TRUE">20</attwidth><atprecis Sync="TRUE">0</atprecis><attscale Sync="TRUE">0</attscale></attr><attr><attrlabl Sync="TRUE">ANCHO_PROM</attrlabl><attalias Sync="TRUE">ANCHO_PROM</attalias><attrtype Sync="TRUE">String</attrtype><attwidth Sync="TRUE">20</attwidth><atprecis Sync="TRUE">0</atprecis><attscale Sync="TRUE">0</attscale></attr><attr><attrlabl Sync="TRUE">ESP_MED</attrlabl><attalias Sync="TRUE">ESP_MED</attalias><attrtype Sync="TRUE">Double</attrtype><attwidth Sync="TRUE">19</attwidth><atprecis Sync="TRUE">18</atprecis><attscale Sync="TRUE">15</attscale></attr><attr><attrlabl Sync="TRUE">HMAX</attrlabl><attalias Sync="TRUE">HMAX</attalias><attrtype Sync="TRUE">Double</attrtype><attwidth Sync="TRUE">19</attwidth><atprecis Sync="TRUE">18</atprecis><attscale Sync="TRUE">15</attscale></attr><attr><attrlabl Sync="TRUE">HMEDIA</attrlabl><attalias Sync="TRUE">HMEDIA</attalias><attrtype Sync="TRUE">Double</attrtype><attwidth Sync="TRUE">19</attwidth><atprecis Sync="TRUE">18</atprecis><attscale Sync="TRUE">15</attscale></attr><attr><attrlabl Sync="TRUE">HMINTOTAL</attrlabl><attalias Sync="TRUE">HMINTOTAL</attalias><attrtype Sync="TRUE">Double</attrtype><attwidth Sync="TRUE">19</attwidth><atprecis Sync="TRUE">18</atprecis><attscale Sync="TRUE">15</attscale></attr><attr><attrlabl Sync="TRUE">HMEDIANA</attrlabl><attalias Sync="TRUE">HMEDIANA</attalias><attrtype Sync="TRUE">Double</attrtype><attwidth Sync="TRUE">19</attwidth><atprecis Sync="TRUE">18</atprecis><attscale Sync="TRUE">15</attscale></attr><attr><attrlabl Sync="TRUE">ORIENTA</attrlabl><attalias Sync="TRUE">ORIENTA</attalias><attrtype Sync="TRUE">String</attrtype><attwidth Sync="TRUE">6</attwidth><atprecis Sync="TRUE">0</atprecis><attscale Sync="TRUE">0</attscale></attr><attr><attrlabl Sync="TRUE">PENDIENTE</attrlabl><attalias Sync="TRUE">PENDIENTE</attalias><attrtype Sync="TRUE">Double</attrtype><attwidth Sync="TRUE">19</attwidth><atprecis Sync="TRUE">18</atprecis><attscale Sync="TRUE">15</attscale></attr><attr><attrlabl Sync="TRUE">AREA_ACUM</attrlabl><attalias Sync="TRUE">AREA_ACUM</attalias><attrtype Sync="TRUE">String</attrtype><attwidth Sync="TRUE">20</attwidth><atprecis Sync="TRUE">0</atprecis><attscale Sync="TRUE">0</attscale></attr><attr><attrlabl Sync="TRUE">L_MAX_ACUM</attrlabl><attalias Sync="TRUE">L_MAX_ACUM</attalias><attrtype Sync="TRUE">String</attrtype><attwidth Sync="TRUE">20</attwidth><atprecis Sync="TRUE">0</atprecis><attscale Sync="TRUE">0</attscale></attr><attr><attrlabl Sync="TRUE">ORIENACUM</attrlabl><attalias Sync="TRUE">ORIENACUM</attalias><attrtype Sync="TRUE">String</attrtype><attwidth Sync="TRUE">20</attwidth><atprecis Sync="TRUE">0</atprecis><attscale Sync="TRUE">0</attscale></attr><attr><attrlabl Sync="TRUE">AREA_ABLAC</attrlabl><attalias Sync="TRUE">AREA_ABLAC</attalias><attrtype Sync="TRUE">String</attrtype><attwidth Sync="TRUE">20</attwidth><atprecis Sync="TRUE">0</atprecis><attscale Sync="TRUE">0</attscale></attr><attr><attrlabl Sync="TRUE">LMAXABLAC</attrlabl><attalias Sync="TRUE">LMAXABLAC</attalias><attrtype Sync="TRUE">String</attrtype><attwidth Sync="TRUE">20</attwidth><atprecis Sync="TRUE">0</atprecis><attscale Sync="TRUE">0</attscale></attr><attr><attrlabl Sync="TRUE">HMEDABLAC</attrlabl><attalias Sync="TRUE">HMEDABLAC</attalias><attrtype Sync="TRUE">String</attrtype><attwidth Sync="TRUE">24</attwidth><atprecis Sync="TRUE">0</atprecis><attscale Sync="TRUE">0</attscale></attr><attr><attrlabl Sync="TRUE">ORIENABLAC</attrlabl><attalias Sync="TRUE">ORIENABLAC</attalias><attrtype Sync="TRUE">String</attrtype><attwidth Sync="TRUE">20</attwidth><atprecis Sync="TRUE">0</atprecis><attscale Sync="TRUE">0</attscale></attr><attr><attrlabl Sync="TRUE">AREA_EXP</attrlabl><attalias Sync="TRUE">AREA_EXP</attalias><attrtype Sync="TRUE">String</attrtype><attwidth Sync="TRUE">20</attwidth><atprecis Sync="TRUE">0</atprecis><attscale Sync="TRUE">0</attscale></attr><attr><attrlabl Sync="TRUE">L_MAX_EXP</attrlabl><attalias Sync="TRUE">L_MAX_EXP</attalias><attrtype Sync="TRUE">String</attrtype><attwidth Sync="TRUE">20</attwidth><atprecis Sync="TRUE">0</atprecis><attscale Sync="TRUE">0</attscale></attr><attr><attrlabl Sync="TRUE">HMINEXP</attrlabl><attalias Sync="TRUE">HMINEXP</attalias><attrtype Sync="TRUE">String</attrtype><attwidth Sync="TRUE">20</attwidth><atprecis Sync="TRUE">0</atprecis><attscale Sync="TRUE">0</attscale></attr><attr><attrlabl Sync="TRUE">INVENT_FEC</attrlabl><attalias Sync="TRUE">INVENT_FEC</attalias><attrtype Sync="TRUE">String</attrtype><attwidth Sync="TRUE">4</attwidth><atprecis Sync="TRUE">0</atprecis><attscale Sync="TRUE">0</attscale></attr><attr><attrlabl Sync="TRUE">FUENTE_DIG</attrlabl><attalias Sync="TRUE">FUENTE_DIG</attalias><attrtype Sync="TRUE">String</attrtype><attwidth Sync="TRUE">25</attwidth><atprecis Sync="TRUE">0</atprecis><attscale Sync="TRUE">0</attscale></attr><attr><attrlabl Sync="TRUE">FUENTE_FEC</attrlabl><attalias Sync="TRUE">FUENTE_FEC</attalias><attrtype Sync="TRUE">String</attrtype><attwidth Sync="TRUE">20</attwidth><atprecis Sync="TRUE">0</atprecis><attscale Sync="TRUE">0</attscale></attr><attr><attrlabl Sync="TRUE">DATUM</attrlabl><attalias Sync="TRUE">DATUM</attalias><attrtype Sync="TRUE">String</attrtype><attwidth Sync="TRUE">10</attwidth><atprecis Sync="TRUE">0</atprecis><attscale Sync="TRUE">0</attscale></attr><attr><attrlabl Sync="TRUE">HUSO</attrlabl><attalias Sync="TRUE">HUSO</attalias><attrtype Sync="TRUE">String</attrtype><attwidth Sync="TRUE">5</attwidth><atprecis Sync="TRUE">0</atprecis><attscale Sync="TRUE">0</attscale></attr><attr><attrlabl Sync="TRUE">PRECM</attrlabl><attalias Sync="TRUE">PRECM</attalias><attrtype Sync="TRUE">String</attrtype><attwidth Sync="TRUE">3</attwidth><atprecis Sync="TRUE">0</atprecis><attscale Sync="TRUE">0</attscale></attr><attr><attrlabl Sync="TRUE">ERROR_KM2</attrlabl><attalias Sync="TRUE">ERROR_KM2</attalias><attrtype Sync="TRUE">Double</attrtype><attwidth Sync="TRUE">19</attwidth><atprecis Sync="TRUE">18</atprecis><attscale Sync="TRUE">15</attscale></attr><attr><attrlabl Sync="TRUE">ERROR_PORC</attrlabl><attalias Sync="TRUE">ERROR_PORC</attalias><attrtype Sync="TRUE">Double</attrtype><attwidth Sync="TRUE">19</attwidth><atprecis Sync="TRUE">18</atprecis><attscale Sync="TRUE">15</attscale></attr></detailed></eainfo><mdDateSt Sync="TRUE">20210726</mdDateSt></metadata>
